Municipality,LAT,LON,mean_gwetroot_pred,risk_score
Alfonso,14.14,120.85,0.5212067460317457,0.4787932539682543
Amadeo,14.17,120.92,0.5212067460317457,0.4787932539682543
Bacoor City,14.46,120.94,0.7208914682539681,0.2791085317460319
Carmona,14.31,121.05,0.7264692460317458,0.2735307539682542
Cavite City,14.48,120.9,0.634652380952381,0.3653476190476191
Dasmarinas City,14.33,120.93,0.634652380952381,0.3653476190476191
General Emilio Aguinaldo,14.18,120.79,0.5212067460317457,0.4787932539682543
General Mariano Alvarez,14.3,121.0,0.7264692460317458,0.2735307539682542
General Trias,14.38,120.88,0.634652380952381,0.3653476190476191
Imus City,14.43,120.93,0.634652380952381,0.3653476190476191
Indang,14.19,120.87,0.5212067460317457,0.4787932539682543
Kawit,14.44,120.9,0.634652380952381,0.3653476190476191
Magallanes,14.19,120.73,0.5212067460317457,0.4787932539682543
Maragondon,14.27,120.73,0.634652380952381,0.3653476190476191
Mendez,14.13,120.9,0.5212067460317457,0.4787932539682543
Naic,14.32,120.77,0.634652380952381,0.3653476190476191
Noveleta,14.43,120.88,0.634652380952381,0.3653476190476191
Rosario,14.41,120.85,0.634652380952381,0.3653476190476191
Silang,14.23,120.97,0.7122007936507937,0.2877992063492062
Tagaytay City,14.11,120.96,0.7122007936507937,0.2877992063492062
Tanza,14.36,120.85,0.634652380952381,0.3653476190476191
Ternate,14.28,120.7,0.634652380952381,0.3653476190476191
Trece Martires City,14.28,120.86,0.634652380952381,0.3653476190476191
