Municipality,LAT,LON,gwetroot_pred,risk_score
Alfonso,14.14,120.85,0.4699171428571424,0.5300828571428576
Amadeo,14.17,120.92,0.4700228571428564,0.5299771428571436
Bacoor City,14.46,120.94,0.582045714285716,0.4179542857142839
Carmona,14.31,121.05,0.6042542857142843,0.39574571428571576
Cavite City,14.48,120.9,0.5806000000000017,0.4193999999999983
Dasmarinas City,14.33,120.93,0.5808714285714288,0.41912857142857124
General Emilio Aguinaldo,14.18,120.79,0.48801428571428473,0.5119857142857153
General Mariano Alvarez,14.3,121.0,0.6280857142857132,0.37191428571428675
General Trias,14.38,120.88,0.5808599999999994,0.4191400000000007
Imus City,14.43,120.93,0.5844485714285707,0.41555142857142935
Indang,14.19,120.87,0.47986857142857126,0.5201314285714288
Kawit,14.44,120.9,0.5810799999999987,0.41892000000000124
Magallanes,14.19,120.73,0.48015142857142784,0.5198485714285722
Maragondon,14.27,120.73,0.5827857142857171,0.4172142857142828
Mendez,14.13,120.9,0.47446571428571366,0.5255342857142863
Naic,14.32,120.77,0.5828400000000022,0.4171599999999977
Noveleta,14.43,120.88,0.5809828571428571,0.41901714285714287
Rosario,14.41,120.85,0.5806600000000025,0.4193399999999975
Silang,14.23,120.97,0.6075828571428578,0.39241714285714224
Tagaytay City,14.11,120.96,0.5801342857142867,0.4198657142857133
Tanza,14.36,120.85,0.5798114285714321,0.42018857142856797
Ternate,14.28,120.7,0.5841485714285735,0.41585142857142654
Trece Martires City,14.28,120.86,0.5834457142857166,0.4165542857142835
